model,variant_label,base_model,family,profile,data_regime,dataset,seed,test_acc,test_auc,best_val_auc,best_epoch,attn_params,total_params,time_s
A|butterfly|lite|train_subset_5000,"A: OrthoPatch [butterfly, lite, train_subset_5000]",A,butterfly,lite,train_subset_5000,bloodmnist,123,0.7968,0.9656,0.9676,86,24,1720,642.2
A|butterfly|lite|train_subset_5000,"A: OrthoPatch [butterfly, lite, train_subset_5000]",A,butterfly,lite,train_subset_5000,bloodmnist,42,0.7869,0.9636,0.9697,73,24,1720,629.8
A|butterfly|lite|train_subset_5000,"A: OrthoPatch [butterfly, lite, train_subset_5000]",A,butterfly,lite,train_subset_5000,bloodmnist,7,0.786,0.9648,0.9665,69,24,1720,637.9
B|butterfly|lite|train_subset_5000,"B: OrthoTransformer [butterfly, lite, train_subset_5000]",B,butterfly,lite,train_subset_5000,bloodmnist,123,0.7916,0.9674,0.9719,80,48,1760,949.6
B|butterfly|lite|train_subset_5000,"B: OrthoTransformer [butterfly, lite, train_subset_5000]",B,butterfly,lite,train_subset_5000,bloodmnist,42,0.8059,0.9693,0.9724,98,48,1760,947.1
B|butterfly|lite|train_subset_5000,"B: OrthoTransformer [butterfly, lite, train_subset_5000]",B,butterfly,lite,train_subset_5000,bloodmnist,7,0.798,0.9677,0.9727,79,48,1760,949.7
D|butterfly|lite|train_subset_5000,"D: Compound [butterfly, lite, train_subset_5000]",D,butterfly,lite,train_subset_5000,bloodmnist,123,0.8384,0.9758,0.9788,99,160,4056,2891.8
D|butterfly|lite|train_subset_5000,"D: Compound [butterfly, lite, train_subset_5000]",D,butterfly,lite,train_subset_5000,bloodmnist,42,0.8243,0.9735,0.9765,73,160,4056,2855.0
D|butterfly|lite|train_subset_5000,"D: Compound [butterfly, lite, train_subset_5000]",D,butterfly,lite,train_subset_5000,bloodmnist,7,0.8427,0.977,0.9785,97,160,4056,2849.5
D_full|butterfly|lite|train_subset_5000,"D: Compound (full sector) [butterfly, lite, train_subset_5000]",D_full,butterfly,lite,train_subset_5000,bloodmnist,123,0.8264,0.9759,0.9767,99,416,4312,50712.9
D_full|butterfly|lite|train_subset_5000,"D: Compound (full sector) [butterfly, lite, train_subset_5000]",D_full,butterfly,lite,train_subset_5000,bloodmnist,42,0.8278,0.9745,0.9777,99,416,4312,3202.6
D_full|butterfly|lite|train_subset_5000,"D: Compound (full sector) [butterfly, lite, train_subset_5000]",D_full,butterfly,lite,train_subset_5000,bloodmnist,7,0.8188,0.9716,0.9746,97,416,4312,3150.3
A|butterfly|lite|train_subset_5000,"A: OrthoPatch [butterfly, lite, train_subset_5000]",A,butterfly,lite,train_subset_5000,breastmnist,123,0.7692,0.7794,0.8195,42,24,882,78.4
A|butterfly|lite|train_subset_5000,"A: OrthoPatch [butterfly, lite, train_subset_5000]",A,butterfly,lite,train_subset_5000,breastmnist,42,0.7372,0.7713,0.802,52,24,882,80.7
A|butterfly|lite|train_subset_5000,"A: OrthoPatch [butterfly, lite, train_subset_5000]",A,butterfly,lite,train_subset_5000,breastmnist,7,0.8205,0.8118,0.8413,91,24,882,81.9
B|butterfly|lite|train_subset_5000,"B: OrthoTransformer [butterfly, lite, train_subset_5000]",B,butterfly,lite,train_subset_5000,breastmnist,123,0.7949,0.8444,0.8997,36,48,922,116.2
B|butterfly|lite|train_subset_5000,"B: OrthoTransformer [butterfly, lite, train_subset_5000]",B,butterfly,lite,train_subset_5000,breastmnist,42,0.7244,0.7863,0.817,24,48,922,116.5
B|butterfly|lite|train_subset_5000,"B: OrthoTransformer [butterfly, lite, train_subset_5000]",B,butterfly,lite,train_subset_5000,breastmnist,7,0.8269,0.8716,0.878,49,48,922,116.9
D|butterfly|lite|train_subset_5000,"D: Compound [butterfly, lite, train_subset_5000]",D,butterfly,lite,train_subset_5000,breastmnist,123,0.7885,0.8141,0.8371,100,160,2386,309.4
D|butterfly|lite|train_subset_5000,"D: Compound [butterfly, lite, train_subset_5000]",D,butterfly,lite,train_subset_5000,breastmnist,42,0.8077,0.7955,0.802,46,160,2386,308.1
D|butterfly|lite|train_subset_5000,"D: Compound [butterfly, lite, train_subset_5000]",D,butterfly,lite,train_subset_5000,breastmnist,7,0.8077,0.8187,0.8622,74,160,2386,312.5
D_full|butterfly|lite|train_subset_5000,"D: Compound (full sector) [butterfly, lite, train_subset_5000]",D_full,butterfly,lite,train_subset_5000,breastmnist,123,0.7756,0.7995,0.8647,19,416,2642,344.1
D_full|butterfly|lite|train_subset_5000,"D: Compound (full sector) [butterfly, lite, train_subset_5000]",D_full,butterfly,lite,train_subset_5000,breastmnist,42,0.7756,0.8315,0.8254,47,416,2642,339.6
D_full|butterfly|lite|train_subset_5000,"D: Compound (full sector) [butterfly, lite, train_subset_5000]",D_full,butterfly,lite,train_subset_5000,breastmnist,7,0.7628,0.7868,0.8012,28,416,2642,346.3
A|butterfly|lite|train_subset_5000,"A: OrthoPatch [butterfly, lite, train_subset_5000]",A,butterfly,lite,train_subset_5000,dermamnist,123,0.7122,0.8762,0.8844,74,24,1711,454.5
A|butterfly|lite|train_subset_5000,"A: OrthoPatch [butterfly, lite, train_subset_5000]",A,butterfly,lite,train_subset_5000,dermamnist,42,0.7212,0.8792,0.883,92,24,1711,457.2
A|butterfly|lite|train_subset_5000,"A: OrthoPatch [butterfly, lite, train_subset_5000]",A,butterfly,lite,train_subset_5000,dermamnist,7,0.6963,0.8681,0.889,99,24,1711,458.1
B|butterfly|lite|train_subset_5000,"B: OrthoTransformer [butterfly, lite, train_subset_5000]",B,butterfly,lite,train_subset_5000,dermamnist,123,0.7097,0.8781,0.8893,94,48,1751,659.5
B|butterfly|lite|train_subset_5000,"B: OrthoTransformer [butterfly, lite, train_subset_5000]",B,butterfly,lite,train_subset_5000,dermamnist,42,0.6883,0.8498,0.857,94,48,1751,664.2
B|butterfly|lite|train_subset_5000,"B: OrthoTransformer [butterfly, lite, train_subset_5000]",B,butterfly,lite,train_subset_5000,dermamnist,7,0.7067,0.8664,0.8746,71,48,1751,666.6
D|butterfly|lite|train_subset_5000,"D: Compound [butterfly, lite, train_subset_5000]",D,butterfly,lite,train_subset_5000,dermamnist,123,0.7212,0.8883,0.9024,74,160,4039,2098.3
D|butterfly|lite|train_subset_5000,"D: Compound [butterfly, lite, train_subset_5000]",D,butterfly,lite,train_subset_5000,dermamnist,42,0.7367,0.8948,0.9098,94,160,4039,2036.4
D|butterfly|lite|train_subset_5000,"D: Compound [butterfly, lite, train_subset_5000]",D,butterfly,lite,train_subset_5000,dermamnist,7,0.7237,0.8952,0.9016,75,160,4039,2153.2
D_full|butterfly|lite|train_subset_5000,"D: Compound (full sector) [butterfly, lite, train_subset_5000]",D_full,butterfly,lite,train_subset_5000,dermamnist,123,0.7097,0.8845,0.9026,74,416,4295,2645.0
D_full|butterfly|lite|train_subset_5000,"D: Compound (full sector) [butterfly, lite, train_subset_5000]",D_full,butterfly,lite,train_subset_5000,dermamnist,42,0.7197,0.889,0.9009,75,416,4295,40605.1
D_full|butterfly|lite|train_subset_5000,"D: Compound (full sector) [butterfly, lite, train_subset_5000]",D_full,butterfly,lite,train_subset_5000,dermamnist,7,0.7237,0.8918,0.9048,98,416,4295,2707.5
A|butterfly|lite|train_subset_5000,"A: OrthoPatch [butterfly, lite, train_subset_5000]",A,butterfly,lite,train_subset_5000,octmnist,123,0.454,0.7787,0.803,97,24,900,826.6
A|butterfly|lite|train_subset_5000,"A: OrthoPatch [butterfly, lite, train_subset_5000]",A,butterfly,lite,train_subset_5000,octmnist,42,0.459,0.7619,0.803,74,24,900,936.4
A|butterfly|lite|train_subset_5000,"A: OrthoPatch [butterfly, lite, train_subset_5000]",A,butterfly,lite,train_subset_5000,octmnist,7,0.462,0.7692,0.8212,75,24,900,850.7
B|butterfly|lite|train_subset_5000,"B: OrthoTransformer [butterfly, lite, train_subset_5000]",B,butterfly,lite,train_subset_5000,octmnist,123,0.451,0.7707,0.8135,70,48,940,1213.3
B|butterfly|lite|train_subset_5000,"B: OrthoTransformer [butterfly, lite, train_subset_5000]",B,butterfly,lite,train_subset_5000,octmnist,42,0.469,0.7679,0.8233,80,48,940,1194.7
B|butterfly|lite|train_subset_5000,"B: OrthoTransformer [butterfly, lite, train_subset_5000]",B,butterfly,lite,train_subset_5000,octmnist,7,0.465,0.769,0.8283,92,48,940,1200.7
D|butterfly|lite|train_subset_5000,"D: Compound [butterfly, lite, train_subset_5000]",D,butterfly,lite,train_subset_5000,octmnist,123,0.499,0.8055,0.8396,96,160,2420,4275.8
D|butterfly|lite|train_subset_5000,"D: Compound [butterfly, lite, train_subset_5000]",D,butterfly,lite,train_subset_5000,octmnist,42,0.511,0.83,0.8664,97,160,2420,4224.8
D_full|butterfly|lite|train_subset_5000,"D: Compound (full sector) [butterfly, lite, train_subset_5000]",D_full,butterfly,lite,train_subset_5000,octmnist,123,0.496,0.8019,0.8565,72,416,2676,5649.3
D_full|butterfly|lite|train_subset_5000,"D: Compound (full sector) [butterfly, lite, train_subset_5000]",D_full,butterfly,lite,train_subset_5000,octmnist,42,0.52,0.843,0.8567,100,416,2676,14353.5
D_full|butterfly|lite|train_subset_5000,"D: Compound (full sector) [butterfly, lite, train_subset_5000]",D_full,butterfly,lite,train_subset_5000,octmnist,7,0.505,0.807,0.8733,100,416,2676,5666.8
OrthoFNN|baseline|full|standard,"OrthoFNN [baseline, full]",OrthoFNN,baseline,full,standard,pathmnist,42,0.6457,0.9316,0.9519,99,256,42601,69512.6
VisionTransformer|baseline|full|standard,"VisionTransformer [baseline, full]",VisionTransformer,baseline,full,standard,pathmnist,123,0.7352,0.9543,0.9954,80,2048,9401,12427.3
VisionTransformer|baseline|full|standard,"VisionTransformer [baseline, full]",VisionTransformer,baseline,full,standard,pathmnist,7,0.735,0.95,0.9955,94,2048,9401,5865.9
A|butterfly|lite|retina_sized_train,"A: OrthoPatch [butterfly, lite, retina_sized_train]",A,butterfly,lite,retina_sized_train,pathmnist,123,0.521,0.8769,0.8693,100,24,1729,694.8
A|butterfly|lite|retina_sized_train,"A: OrthoPatch [butterfly, lite, retina_sized_train]",A,butterfly,lite,retina_sized_train,pathmnist,42,0.5673,0.8662,0.8812,94,24,1729,714.6
A|butterfly|lite|retina_sized_train,"A: OrthoPatch [butterfly, lite, retina_sized_train]",A,butterfly,lite,retina_sized_train,pathmnist,7,0.5451,0.8874,0.881,98,24,1729,687.7
B|butterfly|lite|retina_sized_train,"B: OrthoTransformer [butterfly, lite, retina_sized_train]",B,butterfly,lite,retina_sized_train,pathmnist,42,0.4499,0.8473,0.8615,100,48,1769,973.6
A|butterfly|lite|train_subset_5000,"A: OrthoPatch [butterfly, lite, train_subset_5000]",A,butterfly,lite,train_subset_5000,pathmnist,123,0.6485,0.9434,0.9341,98,24,1729,1121.2
A|butterfly|lite|train_subset_5000,"A: OrthoPatch [butterfly, lite, train_subset_5000]",A,butterfly,lite,train_subset_5000,pathmnist,42,0.6595,0.9487,0.936,95,24,1729,1096.2
A|butterfly|lite|train_subset_5000,"A: OrthoPatch [butterfly, lite, train_subset_5000]",A,butterfly,lite,train_subset_5000,pathmnist,7,0.6325,0.9381,0.9369,100,24,1729,1122.8
B|butterfly|lite|train_subset_5000,"B: OrthoTransformer [butterfly, lite, train_subset_5000]",B,butterfly,lite,train_subset_5000,pathmnist,123,0.6982,0.9379,0.937,98,48,1769,1636.4
B|butterfly|lite|train_subset_5000,"B: OrthoTransformer [butterfly, lite, train_subset_5000]",B,butterfly,lite,train_subset_5000,pathmnist,42,0.6901,0.936,0.9309,95,48,1769,1635.8
B|butterfly|lite|train_subset_5000,"B: OrthoTransformer [butterfly, lite, train_subset_5000]",B,butterfly,lite,train_subset_5000,pathmnist,7,0.616,0.9162,0.9232,98,48,1769,1651.3
D|butterfly|lite|train_subset_5000,"D: Compound [butterfly, lite, train_subset_5000]",D,butterfly,lite,train_subset_5000,pathmnist,123,0.6596,0.9415,0.9447,97,160,4073,5034.8
D|butterfly|lite|train_subset_5000,"D: Compound [butterfly, lite, train_subset_5000]",D,butterfly,lite,train_subset_5000,pathmnist,42,0.6696,0.9382,0.9432,95,160,4073,39217.4
D|butterfly|lite|train_subset_5000,"D: Compound [butterfly, lite, train_subset_5000]",D,butterfly,lite,train_subset_5000,pathmnist,7,0.6933,0.9432,0.9438,100,160,4073,14108.5
D_full|butterfly|lite|train_subset_5000,"D: Compound (full sector) [butterfly, lite, train_subset_5000]",D_full,butterfly,lite,train_subset_5000,pathmnist,123,0.6812,0.9512,0.9468,99,416,4329,9352.5
D_full|butterfly|lite|train_subset_5000,"D: Compound (full sector) [butterfly, lite, train_subset_5000]",D_full,butterfly,lite,train_subset_5000,pathmnist,42,0.6774,0.9451,0.946,95,416,4329,4712.3
D_full|butterfly|lite|train_subset_5000,"D: Compound (full sector) [butterfly, lite, train_subset_5000]",D_full,butterfly,lite,train_subset_5000,pathmnist,7,0.6701,0.9392,0.9432,100,416,4329,4242.9
A|butterfly|lite|train_subset_5000,"A: OrthoPatch [butterfly, lite, train_subset_5000]",A,butterfly,lite,train_subset_5000,pneumoniamnist,123,0.8446,0.9447,0.9902,65,24,882,539.1
A|butterfly|lite|train_subset_5000,"A: OrthoPatch [butterfly, lite, train_subset_5000]",A,butterfly,lite,train_subset_5000,pneumoniamnist,42,0.8574,0.9399,0.992,49,24,882,548.5
A|butterfly|lite|train_subset_5000,"A: OrthoPatch [butterfly, lite, train_subset_5000]",A,butterfly,lite,train_subset_5000,pneumoniamnist,7,0.8349,0.947,0.9908,40,24,882,538.1
B|butterfly|lite|train_subset_5000,"B: OrthoTransformer [butterfly, lite, train_subset_5000]",B,butterfly,lite,train_subset_5000,pneumoniamnist,123,0.8894,0.9452,0.9928,45,48,922,813.3
B|butterfly|lite|train_subset_5000,"B: OrthoTransformer [butterfly, lite, train_subset_5000]",B,butterfly,lite,train_subset_5000,pneumoniamnist,42,0.8574,0.9428,0.9935,50,48,922,814.7
B|butterfly|lite|train_subset_5000,"B: OrthoTransformer [butterfly, lite, train_subset_5000]",B,butterfly,lite,train_subset_5000,pneumoniamnist,7,0.8606,0.9405,0.9919,39,48,922,817.2
D|butterfly|lite|train_subset_5000,"D: Compound [butterfly, lite, train_subset_5000]",D,butterfly,lite,train_subset_5000,pneumoniamnist,123,0.8718,0.949,0.9943,45,160,2386,2435.4
D|butterfly|lite|train_subset_5000,"D: Compound [butterfly, lite, train_subset_5000]",D,butterfly,lite,train_subset_5000,pneumoniamnist,42,0.8622,0.9509,0.9954,63,160,2386,51026.2
D|butterfly|lite|train_subset_5000,"D: Compound [butterfly, lite, train_subset_5000]",D,butterfly,lite,train_subset_5000,pneumoniamnist,7,0.8429,0.9523,0.9936,70,160,2386,2388.2
D_full|butterfly|lite|train_subset_5000,"D: Compound (full sector) [butterfly, lite, train_subset_5000]",D_full,butterfly,lite,train_subset_5000,pneumoniamnist,123,0.8494,0.9507,0.9934,48,416,2642,2633.0
D_full|butterfly|lite|train_subset_5000,"D: Compound (full sector) [butterfly, lite, train_subset_5000]",D_full,butterfly,lite,train_subset_5000,pneumoniamnist,42,0.867,0.9485,0.9941,49,416,2642,2659.3
D_full|butterfly|lite|train_subset_5000,"D: Compound (full sector) [butterfly, lite, train_subset_5000]",D_full,butterfly,lite,train_subset_5000,pneumoniamnist,7,0.8734,0.9426,0.9937,48,416,2642,2670.0
OrthoFNN|baseline|full|standard,"OrthoFNN [baseline, full]",OrthoFNN,baseline,full,standard,retinamnist,123,0.495,0.6776,0.7659,96,256,12901,253.7
OrthoFNN|baseline|full|standard,"OrthoFNN [baseline, full]",OrthoFNN,baseline,full,standard,retinamnist,42,0.4825,0.6759,0.7593,91,256,12901,288.5
OrthoFNN|baseline|full|standard,"OrthoFNN [baseline, full]",OrthoFNN,baseline,full,standard,retinamnist,7,0.495,0.6625,0.7729,50,256,12901,245.4
VisionTransformer|baseline|full|standard,"VisionTransformer [baseline, full]",VisionTransformer,baseline,full,standard,retinamnist,123,0.5225,0.7444,0.8425,26,2048,9333,83.6
VisionTransformer|baseline|full|standard,"VisionTransformer [baseline, full]",VisionTransformer,baseline,full,standard,retinamnist,42,0.5475,0.7375,0.8187,15,2048,9333,77.7
VisionTransformer|baseline|full|standard,"VisionTransformer [baseline, full]",VisionTransformer,baseline,full,standard,retinamnist,7,0.565,0.7433,0.8431,50,2048,9333,79.8
A|generic|full|standard,"A: OrthoPatch [generic, full]",A,generic,full,standard,retinamnist,123,0.5425,0.7417,0.833,61,960,8213,2097.1
A|generic|full|standard,"A: OrthoPatch [generic, full]",A,generic,full,standard,retinamnist,42,0.5425,0.7475,0.834,28,960,8213,2126.6
A|generic|full|standard,"A: OrthoPatch [generic, full]",A,generic,full,standard,retinamnist,7,0.55,0.7413,0.8479,39,960,8213,2140.7
B|generic|full|standard,"B: OrthoTransformer [generic, full]",B,generic,full,standard,retinamnist,123,0.5375,0.7503,0.8275,24,1920,9205,4428.9
B|generic|full|standard,"B: OrthoTransformer [generic, full]",B,generic,full,standard,retinamnist,42,0.5175,0.7396,0.8394,49,1920,9205,4422.1
B|generic|full|standard,"B: OrthoTransformer [generic, full]",B,generic,full,standard,retinamnist,7,0.5425,0.7376,0.8343,47,1920,9205,4404.0
C|generic|full|standard,"C: DirectAttn [generic, full]",C,generic,full,standard,retinamnist,123,0.515,0.7497,0.8442,47,1920,9205,4433.9
C|generic|full|standard,"C: DirectAttn [generic, full]",C,generic,full,standard,retinamnist,42,0.5375,0.7514,0.8512,48,1920,9205,4461.6
C|generic|full|standard,"C: DirectAttn [generic, full]",C,generic,full,standard,retinamnist,7,0.5375,0.7456,0.8416,51,1920,9205,4415.1
D|generic|full|standard,"D: Compound [generic, full]",D,generic,full,standard,retinamnist,42,0.5325,0.7566,0.8321,41,4224,11509,12566.9
D_full|generic|full|standard,"D: Compound (full sector) [generic, full]",D_full,generic,full,standard,retinamnist,42,0.435,0.6506,0.7105,1,5248,12533,45.1
E|generic|full|standard,"E: Multi-sector [generic, full]",E,generic,full,standard,retinamnist,42,0.4325,0.6356,0.6461,1,4224,11509,84.5
F|generic|full|standard,"F: Hierarchical (3ph) [generic, full]",F,generic,full,standard,retinamnist,42,0.435,0.6414,0.6696,1,2208,9461,24.1
A|generic|lite|standard,"A: OrthoPatch [generic, lite]",A,generic,lite,standard,retinamnist,42,0.51,0.7364,0.8311,38,56,1725,159.7
B|generic|lite|standard,"B: OrthoTransformer [generic, lite]",B,generic,lite,standard,retinamnist,42,0.5275,0.7338,0.8371,19,112,1797,255.7
C|generic|lite|standard,"C: DirectAttn [generic, lite]",C,generic,lite,standard,retinamnist,42,0.525,0.7433,0.8308,69,112,1797,280.4
D|generic|lite|standard,"D: Compound [generic, lite]",D,generic,lite,standard,retinamnist,42,0.545,0.7411,0.8199,31,552,2221,11627.3
D_full|generic|lite|standard,"D: Compound (full sector) [generic, lite]",D_full,generic,lite,standard,retinamnist,42,0.535,0.7419,0.8304,64,616,2285,978.4
E|generic|lite|standard,"E: Multi-sector [generic, lite]",E,generic,lite,standard,retinamnist,42,0.51,0.7329,0.8325,17,552,2221,1934.6
F|generic|lite|standard,"F: Hierarchical (3ph) [generic, lite]",F,generic,lite,standard,retinamnist,42,0.5325,0.7442,0.8296,49,240,1909,480.4
A|butterfly|full|standard,"A: OrthoPatch [butterfly, full]",A,butterfly,full,standard,retinamnist,123,0.5325,0.7443,0.8272,42,256,7509,17302.8
A|butterfly|full|standard,"A: OrthoPatch [butterfly, full]",A,butterfly,full,standard,retinamnist,42,0.5175,0.7416,0.8514,40,256,7509,223.2
A|butterfly|full|standard,"A: OrthoPatch [butterfly, full]",A,butterfly,full,standard,retinamnist,7,0.5475,0.7578,0.8395,29,256,7509,276.3
B|butterfly|full|standard,"B: OrthoTransformer [butterfly, full]",B,butterfly,full,standard,retinamnist,123,0.505,0.7382,0.8163,27,512,7797,536.6
B|butterfly|full|standard,"B: OrthoTransformer [butterfly, full]",B,butterfly,full,standard,retinamnist,42,0.5075,0.7299,0.8249,26,512,7797,417.6
B|butterfly|full|standard,"B: OrthoTransformer [butterfly, full]",B,butterfly,full,standard,retinamnist,7,0.52,0.7426,0.8351,23,512,7797,523.6
D|butterfly|full|standard,"D: Compound [butterfly, full]",D,butterfly,full,standard,retinamnist,123,0.5175,0.7404,0.8357,39,640,7893,739.1
D|butterfly|full|standard,"D: Compound [butterfly, full]",D,butterfly,full,standard,retinamnist,42,0.5325,0.7305,0.8412,47,640,7893,664.8
D|butterfly|full|standard,"D: Compound [butterfly, full]",D,butterfly,full,standard,retinamnist,7,0.535,0.7517,0.8405,45,640,7893,719.3
D_full|butterfly|full|standard,"D: Compound (full sector) [butterfly, full]",D_full,butterfly,full,standard,retinamnist,42,0.5225,0.7313,0.8324,31,1664,8917,765.2
A|butterfly|lite|standard,"A: OrthoPatch [butterfly, lite]",A,butterfly,lite,standard,retinamnist,123,0.545,0.7309,0.8182,16,24,1693,106.4
A|butterfly|lite|standard,"A: OrthoPatch [butterfly, lite]",A,butterfly,lite,standard,retinamnist,42,0.525,0.7422,0.8397,48,24,1693,134.0
A|butterfly|lite|standard,"A: OrthoPatch [butterfly, lite]",A,butterfly,lite,standard,retinamnist,7,0.5325,0.7428,0.832,76,24,1693,104.7
B|butterfly|lite|standard,"B: OrthoTransformer [butterfly, lite]",B,butterfly,lite,standard,retinamnist,123,0.52,0.733,0.8245,32,48,1733,170.0
B|butterfly|lite|standard,"B: OrthoTransformer [butterfly, lite]",B,butterfly,lite,standard,retinamnist,42,0.55,0.7455,0.8415,38,48,1733,288.9
B|butterfly|lite|standard,"B: OrthoTransformer [butterfly, lite]",B,butterfly,lite,standard,retinamnist,7,0.505,0.7392,0.8346,18,48,1733,213.4
D|butterfly|lite|standard,"D: Compound [butterfly, lite]",D,butterfly,lite,standard,retinamnist,123,0.5425,0.7295,0.8231,69,160,4005,638.3
D|butterfly|lite|standard,"D: Compound [butterfly, lite]",D,butterfly,lite,standard,retinamnist,42,0.515,0.7417,0.8377,12,160,4005,529.1
D|butterfly|lite|standard,"D: Compound [butterfly, lite]",D,butterfly,lite,standard,retinamnist,7,0.5175,0.7431,0.8339,50,160,4005,636.4
D_full|butterfly|lite|standard,"D: Compound (full sector) [butterfly, lite]",D_full,butterfly,lite,standard,retinamnist,123,0.5275,0.7415,0.8194,65,416,4261,6134.9
D_full|butterfly|lite|standard,"D: Compound (full sector) [butterfly, lite]",D_full,butterfly,lite,standard,retinamnist,42,0.545,0.7443,0.8318,26,416,4261,671.5
D_full|butterfly|lite|standard,"D: Compound (full sector) [butterfly, lite]",D_full,butterfly,lite,standard,retinamnist,7,0.545,0.7367,0.825,4,416,4261,657.6
A|butterfly|lite|train_subset_5000,"A: OrthoPatch [butterfly, lite, train_subset_5000]",A,butterfly,lite,train_subset_5000,retinamnist,123,0.545,0.7309,0.8182,16,24,1693,130.9
A|butterfly|lite|train_subset_5000,"A: OrthoPatch [butterfly, lite, train_subset_5000]",A,butterfly,lite,train_subset_5000,retinamnist,42,0.525,0.7423,0.8396,48,24,1693,132.6
A|butterfly|lite|train_subset_5000,"A: OrthoPatch [butterfly, lite, train_subset_5000]",A,butterfly,lite,train_subset_5000,retinamnist,7,0.5325,0.7428,0.832,76,24,1693,133.4
B|butterfly|lite|train_subset_5000,"B: OrthoTransformer [butterfly, lite, train_subset_5000]",B,butterfly,lite,train_subset_5000,retinamnist,123,0.52,0.733,0.8245,32,48,1733,193.8
B|butterfly|lite|train_subset_5000,"B: OrthoTransformer [butterfly, lite, train_subset_5000]",B,butterfly,lite,train_subset_5000,retinamnist,42,0.565,0.7448,0.8416,38,48,1733,192.9
B|butterfly|lite|train_subset_5000,"B: OrthoTransformer [butterfly, lite, train_subset_5000]",B,butterfly,lite,train_subset_5000,retinamnist,7,0.505,0.7392,0.8346,18,48,1733,193.6
D|butterfly|lite|train_subset_5000,"D: Compound [butterfly, lite, train_subset_5000]",D,butterfly,lite,train_subset_5000,retinamnist,123,0.5425,0.7295,0.8231,69,160,4005,563.0
D|butterfly|lite|train_subset_5000,"D: Compound [butterfly, lite, train_subset_5000]",D,butterfly,lite,train_subset_5000,retinamnist,42,0.515,0.7417,0.8377,12,160,4005,559.7
D|butterfly|lite|train_subset_5000,"D: Compound [butterfly, lite, train_subset_5000]",D,butterfly,lite,train_subset_5000,retinamnist,7,0.5175,0.7431,0.8339,50,160,4005,569.9
D_full|butterfly|lite|train_subset_5000,"D: Compound (full sector) [butterfly, lite, train_subset_5000]",D_full,butterfly,lite,train_subset_5000,retinamnist,123,0.5275,0.7415,0.8194,65,416,4261,634.3
D_full|butterfly|lite|train_subset_5000,"D: Compound (full sector) [butterfly, lite, train_subset_5000]",D_full,butterfly,lite,train_subset_5000,retinamnist,42,0.545,0.7443,0.8318,26,416,4261,629.5
D_full|butterfly|lite|train_subset_5000,"D: Compound (full sector) [butterfly, lite, train_subset_5000]",D_full,butterfly,lite,train_subset_5000,retinamnist,7,0.545,0.7367,0.825,4,416,4261,652.6
A|butterfly|lite|train_subset_5000,"A: OrthoPatch [butterfly, lite, train_subset_5000]",A,butterfly,lite,train_subset_5000,tissuemnist,123,0.5081,0.814,0.8123,60,24,936,1802.8
A|butterfly|lite|train_subset_5000,"A: OrthoPatch [butterfly, lite, train_subset_5000]",A,butterfly,lite,train_subset_5000,tissuemnist,42,0.4966,0.809,0.8056,56,24,936,1791.1
A|butterfly|lite|train_subset_5000,"A: OrthoPatch [butterfly, lite, train_subset_5000]",A,butterfly,lite,train_subset_5000,tissuemnist,7,0.5005,0.8089,0.8081,56,24,936,1817.0
B|butterfly|lite|train_subset_5000,"B: OrthoTransformer [butterfly, lite, train_subset_5000]",B,butterfly,lite,train_subset_5000,tissuemnist,123,0.4768,0.7951,0.7942,74,48,976,2589.0
B|butterfly|lite|train_subset_5000,"B: OrthoTransformer [butterfly, lite, train_subset_5000]",B,butterfly,lite,train_subset_5000,tissuemnist,42,0.4962,0.8093,0.8088,56,48,976,2595.9
B|butterfly|lite|train_subset_5000,"B: OrthoTransformer [butterfly, lite, train_subset_5000]",B,butterfly,lite,train_subset_5000,tissuemnist,7,0.5022,0.8121,0.8096,54,48,976,2832.3
D|butterfly|lite|train_subset_5000,"D: Compound [butterfly, lite, train_subset_5000]",D,butterfly,lite,train_subset_5000,tissuemnist,123,0.5104,0.8157,0.8139,54,160,2488,42647.8
D|butterfly|lite|train_subset_5000,"D: Compound [butterfly, lite, train_subset_5000]",D,butterfly,lite,train_subset_5000,tissuemnist,42,0.5142,0.8177,0.8156,70,160,2488,8376.5
D_full|butterfly|lite|train_subset_5000,"D: Compound (full sector) [butterfly, lite, train_subset_5000]",D_full,butterfly,lite,train_subset_5000,tissuemnist,123,0.516,0.8211,0.8191,74,416,2744,68498.9
D_full|butterfly|lite|train_subset_5000,"D: Compound (full sector) [butterfly, lite, train_subset_5000]",D_full,butterfly,lite,train_subset_5000,tissuemnist,42,0.5114,0.8181,0.8156,56,416,2744,9516.9
D_full|butterfly|lite|train_subset_5000,"D: Compound (full sector) [butterfly, lite, train_subset_5000]",D_full,butterfly,lite,train_subset_5000,tissuemnist,7,0.516,0.8234,0.8203,54,416,2744,11406.0
